{
    "item_type": "Exporter",
    "output_format": "csv",
    "name": "Output-Scenarios",
    "description": "This will be used to export all scenarios",
    "mappings": {
        "Scenario Run": {
            "type": "scenario_alternatives",
            "mapping": [
                {
                    "map_type": "Scenario",
                    "position": 0,
                    "header": "Scenario"
                },
                {
                    "map_type": "ScenarioAlternative",
                    "position": 1,
                    "header": "Scenario Run"
                },
                {
                    "map_type": "ScenarioBeforeAlternative",
                    "position": "hidden"
                }
            ],
            "enabled": true,
            "always_export_header": true,
            "group_fn": "no_group",
            "use_fixed_table_name": false
        },
        "Scenario": {
            "type": "scenarios",
            "mapping": [
                {
                    "map_type": "Scenario",
                    "position": 0,
                    "header": "Scenario"
                },
                {
                    "map_type": "ScenarioActiveFlag",
                    "position": "hidden"
                },
                {
                    "map_type": "ScenarioDescription",
                    "position": "hidden"
                }
            ],
            "enabled": true,
            "always_export_header": true,
            "group_fn": "no_group",
            "use_fixed_table_name": false
        }
    }
}