{
    "item_type": "Exporter",
    "output_format": "csv",
    "name": "Output-Connection",
    "description": "",
    "mappings": {
        "Mapping 1": {
            "type": "relationship_parameter_values",
            "mapping": [
                {
                    "map_type": "RelationshipClass",
                    "position": "hidden"
                },
                {
                    "map_type": "RelationshipClassObjectClass",
                    "position": "hidden"
                },
                {
                    "map_type": "RelationshipClassObjectClass",
                    "position": "hidden"
                },
                {
                    "map_type": "RelationshipClassObjectClass",
                    "position": "hidden"
                },
                {
                    "map_type": "RelationshipClassObjectClass",
                    "position": "hidden"
                },
                {
                    "map_type": "ParameterDefinition",
                    "position": 0,
                    "filter_re": "connection_flow",
                    "header": "Parameter"
                },
                {
                    "map_type": "ParameterValueList",
                    "position": "hidden",
                    "ignorable": true
                },
                {
                    "map_type": "Relationship",
                    "position": "hidden"
                },
                {
                    "map_type": "RelationshipObject",
                    "position": "hidden"
                },
                {
                    "map_type": "RelationshipObject",
                    "position": 1,
                    "header": "Connection"
                },
                {
                    "map_type": "RelationshipObject",
                    "position": 2,
                    "header": "Node"
                },
                {
                    "map_type": "RelationshipObject",
                    "position": 3,
                    "header": "Direction"
                },
                {
                    "map_type": "Alternative",
                    "position": 6,
                    "header": "Scenario"
                },
                {
                    "map_type": "ParameterValueType",
                    "position": "hidden"
                },
                {
                    "map_type": "IndexName",
                    "position": "hidden"
                },
                {
                    "map_type": "ParameterValueIndex",
                    "position": 4,
                    "header": "Time"
                },
                {
                    "map_type": "IndexName",
                    "position": "hidden"
                },
                {
                    "map_type": "ParameterValueIndex",
                    "position": "hidden"
                },
                {
                    "map_type": "ExpandedValue",
                    "position": 5,
                    "header": "Value"
                }
            ],
            "enabled": true,
            "always_export_header": true,
            "group_fn": "no_group",
            "use_fixed_table_name": false
        }
    }
}