{
    "item_type": "Exporter",
    "output_format": "csv",
    "name": "Input-Objects",
    "description": "",
    "mappings": {
        "Mapping 1": {
            "type": "object_parameter_values",
            "mapping": [
                {
                    "map_type": "ObjectClass",
                    "position": 0,
                    "header": "Object Type"
                },
                {
                    "map_type": "ParameterDefinition",
                    "position": 2,
                    "header": "Parameter Type"
                },
                {
                    "map_type": "ParameterValueList",
                    "position": "hidden",
                    "ignorable": true
                },
                {
                    "map_type": "Object",
                    "position": 1,
                    "header": "Object"
                },
                {
                    "map_type": "Alternative",
                    "position": 3,
                    "header": "Alternative"
                },
                {
                    "map_type": "ParameterValueType",
                    "position": 6,
                    "header": "Value Type"
                },
                {
                    "map_type": "IndexName",
                    "position": "hidden"
                },
                {
                    "map_type": "ParameterValueIndex",
                    "position": 5,
                    "header": "Time"
                },
                {
                    "map_type": "IndexName",
                    "position": "hidden"
                },
                {
                    "map_type": "ParameterValueIndex",
                    "position": "hidden"
                },
                {
                    "map_type": "ExpandedValue",
                    "position": 4,
                    "header": "Value"
                }
            ],
            "enabled": true,
            "always_export_header": true,
            "group_fn": "no_group",
            "use_fixed_table_name": false
        }
    }
}