{
    "item_type": "Exporter",
    "output_format": "csv",
    "name": "Input-Scenario_Alternative",
    "description": "",
    "mappings": {
        "Mapping 1": {
            "type": "scenario_alternatives",
            "mapping": [
                {
                    "map_type": "Scenario",
                    "position": 0,
                    "header": "Scenario"
                },
                {
                    "map_type": "ScenarioAlternative",
                    "position": 1,
                    "header": "1st Alternative"
                },
                {
                    "map_type": "ScenarioBeforeAlternative",
                    "position": 2,
                    "header": "2nd Alternative"
                }
            ],
            "enabled": true,
            "always_export_header": true,
            "group_fn": "no_group",
            "use_fixed_table_name": false
        }
    }
}